English word,French word,Frequency
abide,respecter,35
Abide,undefined,2
about,sur,358
About,undefined,44
ABOUT,undefined,1
above,au dessus,124
Above,undefined,23
abroad,à l'étranger,63
Abroad,undefined,1
absence,absence,55
abuse,abuser de,46
Abuse,undefined,1
according,selon,24
According,undefined,21
account,Compte,45
Account,undefined,1
Accuse,undefined,4
accuse,accuser,34
acquainted,connaissance,38
Acquainted,undefined,2
action,action,113
Action,undefined,3
Advantage,undefined,2
advantage,avantage,70
advice,Conseil,43
affairs,affaires,66
Affairs,undefined,2
affection,affection,71
Affection,undefined,5
affections,affections,40
afraid,peur,41
after,après,339
After,undefined,81
afterwards,ensuite,38
again,encore,757
Again,undefined,12
alive,vivant,86
Alive,undefined,4
almost,presque,139
Almost,undefined,22
alone,seul,232
Alone,undefined,5
along,le long de,108
Along,undefined,4
already,déjà,139
Already,undefined,9
although,bien que,37
Although,undefined,42
always,toujours,59
Always,undefined,4
ambition,ambition,45
Ambition,undefined,2
ancient,ancien,72
Ancient,undefined,7
angel,ange,55
anger,colère,58
Anger,undefined,2
another,un autre,370
Another,undefined,84
ANOTHER,undefined,1
answer,répondre,403
Answer,undefined,23
anything,n'importe quoi,100
Anything,undefined,5
apparel,vêtements,39
Apparel,undefined,1
appear,apparaître,133
Appear,undefined,17
appears,apparaît,49
Appears,undefined,1
approach,approche,64
Approach,undefined,13
argument,argument,67
ARIEL,undefined,76
Ariel,undefined,17
armour,armure,41
aside,de côté,130
Aside,undefined,336
asleep,endormi,59
Asleep,undefined,1
assure,assurer,46
Assure,undefined,4
Athens,undefined,71
ATHENS,undefined,1
attend,assister,103
Attend,undefined,16
attended,assisté,42
Attended,undefined,3
authority,autorité,51
Authority,undefined,4
Avoid,undefined,4
avoid,éviter,34
awake,éveillé,62
Awake,undefined,16
awhile,quelque temps,101
Awhile,undefined,1
banish,bannir,116
Banish,undefined,11
barren,Dénudé,38
Barren,undefined,3
BASSIANUS,undefined,24
Bassianus,undefined,21
bastard,Connard,66
BASTARD,undefined,129
Bastard,undefined,13
battle,bataille,117
beard,barbe,96
Bearing,undefined,10
bearing,palier,63
bears,ours,102
Bears,undefined,5
beast,la bête,72
Beast,undefined,1
beaten,battu,48
Beaten,undefined,2
beauty,beauté,224
Beauty,undefined,9
because,car,81
Because,undefined,106
become,devenir,131
Become,undefined,11
BEDFORD,undefined,38
Bedford,undefined,11
before,avant,628
Before,undefined,211
beggar,mendiant,73
Beggar,undefined,4
begin,commencer,102
Begin,undefined,11
behalf,nom,45
behind,derrière,114
Behind,undefined,6
behold,voir,119
Behold,undefined,44
being,étant,548
Being,undefined,116
believe,croyez,185
Believe,undefined,55
belike,être comme,22
Belike,undefined,20
below,au dessous de,52
Below,undefined,2
benefit,avantage,39
besides,outre,49
Besides,undefined,60
betray,trahir,56
Betray,undefined,1
better,mieux,566
Better,undefined,29
between,entre,195
Between,undefined,46
Beyond,undefined,17
beyond,au-delà,43
birth,naissance,87
Bishop,undefined,21
BISHOP,undefined,24
bishop,évêque,3
bitter,amer,73
Bitter,undefined,1
black,noir,157
Black,undefined,16
blame,faire des reproches,82
Blame,undefined,1
bless,bénir,97
Bless,undefined,22
blessing,bénédiction,42
Blessing,undefined,5
blest,heureux,50
Blest,undefined,4
blind,aveugle,82
Blind,undefined,3
blood,du sang,660
Blood,undefined,7
blows,coups,68
Blows,undefined,3
blunt,cru,27
Blunt,undefined,34
BLUNT,undefined,7
blush,rougir,52
Blush,undefined,4
bodies,corps,44
bones,des os,76
Borne,undefined,3
borne,supporté,80
bottom,bas,36
BOTTOM,undefined,57
Bottom,undefined,13
bought,acheté,51
bound,lié,171
Bound,undefined,7
bounty,prime,41
Bounty,undefined,1
brain,cerveau,95
brains,cerveaux,45
brave,courageux,146
Brave,undefined,14
breast,Sein,98
breath,souffle,229
Breath,undefined,1
breed,race,47
Breed,undefined,3
brief,bref,84
Brief,undefined,7
bright,brillant,70
Bright,undefined,2
bring,apporter,375
Bring,undefined,74
broke,cassé,84
Broke,undefined,3
brook,ruisseau,43
Brook,undefined,41
brother,frère,600
Brother,undefined,41
BROTHER,undefined,4
brought,apporté,186
Brought,undefined,10
brows,sourcils,45
burden,fardeau,45
Burden,undefined,3
buried,enterré,54
Buried,undefined,3
burning,brûlant,50
Burning,undefined,1
business,Entreprise,231
Business,undefined,1
cannot,ne peux pas,718
Cannot,undefined,44
Capitol,undefined,43
captain,capitaine,60
Captain,undefined,81
CAPTAIN,undefined,36
CARDINAL,undefined,66
Cardinal,undefined,89
cardinal,cardinal,9
cares,se soucie,36
carry,porter,81
Carry,undefined,8
Castle,undefined,55
castle,Château,52
catch,capture,74
Catch,undefined,2
cause,cause,336
Cause,undefined,2
cease,cesser,42
Cease,undefined,5
certain,certain,167
Certain,undefined,9
Chain,undefined,1
chain,chaîne,66
chair,chaise,40
challenge,défi,47
Challenge,undefined,1
chamber,chambre,119
Chamber,undefined,7
chance,chance,103
Chance,undefined,1
change,changement,148
Change,undefined,8
charge,charge,197
Charge,undefined,5
charity,charité,54
Charity,undefined,1
chaste,chaste,37
Chaste,undefined,2
cheek,joue,79
cheer,acclamation,78
Cheer,undefined,3
chide,gronder,45
Chide,undefined,4
chief,chef,30
Chief,undefined,14
CHIEF,undefined,64
child,enfant,227
CHILD,undefined,10
Child,undefined,5
choice,choix,70
church,église,55
Church,undefined,11
CINNA,undefined,21
Cinna,undefined,19
CITIZEN,undefined,179
citizen,citoyenne,5
Citizen,undefined,2
civil,civil,50
Civil,undefined,1
claim,prétendre,64
CLARENCE,undefined,113
Clarence,undefined,98
Claud,undefined,125
Claudio,undefined,132
CLAUDIO,undefined,48
clear,clair,64
Clear,undefined,2
CLIFFORD,undefined,75
Clifford,undefined,64
close,proche,96
Close,undefined,9
CLOTEN,undefined,90
Cloten,undefined,20
clothes,vêtements,40
clouds,des nuages,57
Clouds,undefined,2
clown,pitre,16
CLOWN,undefined,294
Clown,undefined,40
COLLEGE,undefined,221
College,undefined,2
college,Université,3
colour,Couleur,89
Colour,undefined,1
Comes,undefined,27
comes,vient,590
comfort,confort,174
Comfort,undefined,14
coming,venir,145
Coming,undefined,13
COMINIUS,undefined,85
Cominius,undefined,19
command,commander,158
Command,undefined,15
Commanded,undefined,5
commanded,commandé,35
commend,saluer,58
Commend,undefined,32
COMMERCIAL,undefined,221
commission,commission,48
Commit,undefined,10
commit,commettre,30
common,commun,152
Common,undefined,2
companion,un compagnon,36
Companion,undefined,1
company,entreprise,203
Company,undefined,3
COMPLETE,undefined,223
Complete,undefined,4
complete,Achevée,19
complexion,complexion,40
condition,état,56
Condition,undefined,3
conduct,conduite,46
Conduct,undefined,2
confess,avouer,134
Confess,undefined,12
conscience,conscience,119
Conscience,undefined,3
consent,consentement,88
Consent,undefined,6
consider,considérer,45
Consider,undefined,13
constable,gendarme,18
CONSTABLE,undefined,46
Constable,undefined,23
constant,constant,48
Constant,undefined,1
contempt,mépris,43
Contempt,undefined,4
content,contenu,141
Content,undefined,17
contrary,contraire,47
COPIES,undefined,442
copies,copies,4
copyright,droits d'auteur,7
COPYRIGHT,undefined,221
could,pourrait,557
Could,undefined,70
council,conseil,23
Council,undefined,28
counsel,Conseil,131
Counsel,undefined,4
count,compter,50
Count,undefined,74
COUNT,undefined,8
counterfeit,contrefaire,53
Counterfeit,undefined,2
Countess,undefined,9
COUNTESS,undefined,111
countess,comtesse,1
country,pays,180
Country,undefined,3
courage,courage,57
Courage,undefined,10
course,cours,157
court,tribunal,255
Court,undefined,7
COURT,undefined,3
courtesy,courtoisie,64
Courtesy,undefined,1
cousin,cousin,236
Cousin,undefined,36
coward,lâche,84
Coward,undefined,2
crave,demander,41
Crave,undefined,1
creature,créature,72
credit,crédit,51
Cromwell,undefined,18
CROMWELL,undefined,26
cross,traverser,98
Cross,undefined,3
crown,couronne,297
Crown,undefined,5
cruel,cruel,71
Cruel,undefined,1
cunning,ruse,73
Cunning,undefined,3
Cupid,undefined,52
CUPID,undefined,6
curse,malédiction,98
Curse,undefined,2
custom,Douane,43
Custom,undefined,2
dagger,dague,44
damned,damné,43
Damned,undefined,2
dance,Danse,68
Dance,undefined,4
danger,danger,99
Danger,undefined,2
darkness,obscurité,37
Darkness,undefined,2
daughter,fille,426
Daughter,undefined,7
DAUGHTER,undefined,5
deadly,mortel,50
Deadly,undefined,1
dearest,très cher,56
dearly,chèrement,41
Dearly,undefined,1
death,décès,845
Death,undefined,55
deeds,actes,118
defend,défendre,65
Defend,undefined,1
degree,diplôme,46
Degree,undefined,1
delight,délice,55
Delight,undefined,1
deliver,livrer,119
Deliver,undefined,22
demand,demande,53
Demand,undefined,7
denied,refusé,52
Denied,undefined,3
depart,partir,62
Depart,undefined,4
desert,désert,44
deserve,mériter,59
Deserve,undefined,6
desire,le désir,209
Desire,undefined,10
despair,désespoir,46
Despair,undefined,8
desperate,désespéré,50
Despite,undefined,8
despite,malgré,44
device,dispositif,43
devil,diable,235
Devil,undefined,4
devise,concevoir,46
Devise,undefined,4
didst,didst,145
Didst,undefined,38
dinner,dîner,92
Dinner,undefined,3
discourse,discours,58
Discourse,undefined,2
discover,découvrir,39
Discover,undefined,4
disgrace,disgrâce,46
Disgrace,undefined,3
dishonour,déshonorer,48
Dishonour,undefined,2
dispatch,envoi,76
Dispatch,undefined,16
displeasure,mécontentement,41
disposition,disposition,44
DISTRIBUTED,undefined,441
distributed,distribué,2
divine,Divin,48
Divine,undefined,1
doctor,docteur,34
Doctor,undefined,51
DOCTOR,undefined,28
doing,Faire,67
Doing,undefined,8
DOLABELLA,undefined,31
Dolabella,undefined,8
doors,des portes,61
Doors,undefined,1
double,double,83
Double,undefined,7
doubt,doute,162
Doubt,undefined,11
DOWNLOAD,undefined,221
Dramatis,undefined,20
DRAMATIS,undefined,16
drawn,tiré,84
Drawn,undefined,6
dread,crainte,46
Dread,undefined,3
dreadful,horrible,59
dream,rêver,126
Dream,undefined,6
DREAM,undefined,1
dreams,rêves,45
Dreams,undefined,1
drink,boisson,149
Drink,undefined,8
drops,gouttes,51
Drops,undefined,2
drown,noyer,82
Drown,undefined,6
drums,tambours,36
Drums,undefined,5
drunk,ivre,68
Drunk,undefined,2
DUNCAN,undefined,19
Duncan,undefined,21
durst,durst,45
Durst,undefined,6
dwell,habiter,40
Dwell,undefined,1
dying,en train de mourir,45
Dying,undefined,3
early,de bonne heure,46
Early,undefined,4
earth,Terre,313
Earth,undefined,4
Edmund,undefined,69
EDMUND,undefined,3
effect,effet,70
Effect,undefined,2
Egypt,undefined,49
EITHER,undefined,1
either,Soit,115
Either,undefined,56
elbow,coude,19
ELBOW,undefined,33
Elbow,undefined,7
elder,aîné,43
embrace,embrasse,61
Embrace,undefined,7
EMILIA,undefined,110
Emilia,undefined,39
emperor,empereur,17
Emperor,undefined,90
EMPEROR,undefined,5
empty,vide,49
Empty,undefined,2
encounter,rencontre,52
Encounter,undefined,1
endure,supporter,73
Endure,undefined,3
enemies,ennemis,111
enemy,ennemi,167
enjoy,prendre plaisir,49
Enjoy,undefined,5
ENOBARBUS,undefined,140
Enobarbus,undefined,14
enough,assez,291
Enough,undefined,22
Enter,undefined,1988
enter,entrer,369
entertain,divertir,55
entertainment,divertissement,37
entreat,supplier,106
Entreat,undefined,5
equal,égal,43
Equal,undefined,2
estate,biens,49
eternal,éternel,37
Eternal,undefined,2
every,chaque,456
Every,undefined,36
everything,tout,41
Everything,undefined,1
excellent,excellent,100
Excellent,undefined,19
except,sauf,22
Except,undefined,16
excuse,excuse,72
Excuse,undefined,6
execution,exécution,48
EXETER,undefined,72
Exeter,undefined,26
Exeunt,undefined,1028
exeunt,sortir,7
EXPRESS,undefined,1
express,Express,43
Express,undefined,3
faces,visages,53
faint,perdre connaissance,44
Faint,undefined,2
fairy,Fée,41
Fairy,undefined,6
FAIRY,undefined,11
faith,Foi,317
Faith,undefined,91
falls,des chutes,67
Falls,undefined,14
false,faux,283
False,undefined,16
familiar,familier,35
Familiar,undefined,2
fancy,fantaisie,56
Fancy,undefined,1
Farewell,undefined,192
farewell,adieu,161
farther,plus loin,42
Farther,undefined,1
fashion,mode,110
Fashion,undefined,2
fatal,fatal,42
Fatal,undefined,2
father,père,1034
Father,undefined,35
FATHER,undefined,7
fault,faute,170
favour,favoriser,137
fearful,craintif,90
fears,peurs,74
Fears,undefined,3
feast,le banquet,97
Feast,undefined,4
feeble,faible,21
FEEBLE,undefined,9
Feeble,undefined,7
fellow,compagnon,306
Fellow,undefined,19
FENTON,undefined,28
Fenton,undefined,18
Ferdinand,undefined,8
FERDINAND,undefined,45
fetch,chercher,103
Fetch,undefined,21
field,champ,188
Field,undefined,4
fiend,démon,65
Fiend,undefined,2
fierce,féroce,37
Fierce,undefined,3
fiery,ardent,47
Fiery,undefined,2
fight,bats toi,272
Fight,undefined,11
figure,figure,41
finds,trouve,38
Finds,undefined,4
finger,doigt,64
Finger,undefined,2
first,première,468
FIRST,undefined,617
First,undefined,87
flatter,flatter,51
Flatter,undefined,3
flesh,la chair,137
Flesh,undefined,1
flies,mouches,56
Flies,undefined,2
flight,vol,52
Flight,undefined,1
flood,inonder,47
flourish,fleurir,42
Flourish,undefined,95
flower,fleur,47
Flower,undefined,3
flowers,fleurs,46
follow,suivre,281
Follow,undefined,55
folly,folie,79
Folly,undefined,1
foolish,insensé,95
Foolish,undefined,2
fools,imbéciles,100
Fools,undefined,4
forbear,ancêtre,44
Forbear,undefined,14
forbid,interdire,70
Forbid,undefined,4
force,Obliger,103
Force,undefined,4
Forces,undefined,1
forces,les forces,42
FORCES,undefined,1
Forest,undefined,10
forest,forêt,61
forget,oublier,90
Forget,undefined,5
former,ancien,63
forsooth,en vérité,42
Forsooth,undefined,6
forth,en avant,369
Forth,undefined,3
fortune,fortune,263
Fortune,undefined,99
forward,vers l'avant,87
Forward,undefined,3
fought,combattu,65
Fought,undefined,1
found,a trouvé,219
Found,undefined,10
FOURTH,undefined,30
fourth,Quatrième,11
Fourth,undefined,10
frame,Cadre,45
Frame,undefined,1
FRANCE,undefined,115
France,undefined,413
freely,librement,52
Freely,undefined,3
FRENCH,undefined,54
French,undefined,171
fresh,Frais,86
Fresh,undefined,4
friend,ami,435
Friend,undefined,11
frown,froncer les sourcils,51
Frown,undefined,1
fruit,fruit,37
further,plus loin,184
Further,undefined,6
gallant,galant,55
garden,jardin,46
Garden,undefined,1
gates,portes,101
gaunt,décharné,6
Gaunt,undefined,32
GAUNT,undefined,34
general,général,187
General,undefined,25
GENERAL,undefined,4
gentle,doux,345
Gentle,undefined,27
ghost,fantôme,30
Ghost,undefined,38
GHOST,undefined,18
given,donné,183
Given,undefined,8
Giving,undefined,26
giving,donnant,34
glass,verre,68
glorious,glorieux,41
glory,gloire,86
Glory,undefined,2
going,Aller,102
Going,undefined,7
golden,d'or,86
Golden,undefined,5
goodness,la bonté,55
Goodness,undefined,1
GOWER,undefined,41
Gower,undefined,12
grace,la grâce,274
Grace,undefined,323
Grant,undefined,12
grant,subvention,99
grave,la tombe,182
Grave,undefined,2
great,génial,830
Great,undefined,91
green,vert,88
Green,undefined,9
GREEN,undefined,17
greet,saluer,41
Greet,undefined,2
grief,douleur,212
Grief,undefined,5
grieve,pleurer,39
Grieve,undefined,1
gross,brut,55
Gross,undefined,1
ground,sol,165
grown,grandi,59
Grown,undefined,2
guard,garde,105
GUARD,undefined,17
Guard,undefined,7
guess,devine,50
Guess,undefined,3
guilty,coupable,69
Guilty,undefined,2
habit,habitude,39
hands,mains,319
hanging,pendaison,35
Hanging,undefined,6
hangs,bloque,34
Hangs,undefined,3
happiness,bonheur,55
Happiness,undefined,2
happy,heureux,187
Happy,undefined,17
haste,hâte,154
Haste,undefined,9
hateful,odieux,39
having,ayant,122
Having,undefined,34
hazard,danger,39
Hazard,undefined,2
heads,têtes,110
health,santé,91
Health,undefined,12
heard,entendu,339
Heard,undefined,10
heart,cœur,1051
Heart,undefined,10
heaven,paradis,577
Heaven,undefined,77
heavy,lourd,167
Heavy,undefined,2
Hector,undefined,151
HECTOR,undefined,71
heels,talons,73
hence,Par conséquent,312
Hence,undefined,56
henceforth,désormais,25
Henceforth,undefined,15
hereafter,"ci-après,45
Hereafter,undefined,3
herself,se,91
Herself,undefined,7
Highness,undefined,188
highness,altesse,1
Holds,undefined,9
holds,tient,73
hollow,creux,48
Hollow,undefined,1
honest,honnête,275
Honest,undefined,14
horse,cheval,241
Horse,undefined,2
hostess,hôtesse,29
Hostess,undefined,8
HOSTESS,undefined,75
hours,heures,139
Hours,undefined,2
house,maison,547
House,undefined,22
HUBERT,undefined,62
Hubert,undefined,34
humble,humble,72
humour,humour,90
hundred,cent,114
Hundred,undefined,1
husband,mari,321
Husband,undefined,6
ignorant,ignorant,48
image,image,45
Image,undefined,1
INCLUDES,undefined,221
includes,comprend,2
indeed,En effet,358
Indeed,undefined,80
infinite,infini,38
innocent,innocent,50
Innocent,undefined,2
instant,instant,61
Intend,undefined,3
intend,avoir l'intention,51
intent,intention,50
issue,problème,110
Issue,undefined,1
itself,lui-même,236
Itself,undefined,4
jealous,jaloux,49
Jealous,undefined,1
jewel,bijou,58
Jewel,undefined,2
judge,juge,84
Judge,undefined,8
judgment,jugement,102
Judgment,undefined,2
Julia,undefined,34
JULIA,undefined,119
justice,Justice,142
Justice,undefined,27
JUSTICE,undefined,70
keeps,garde,69
Keeps,undefined,7
kindness,la gentillesse,51
Kindness,undefined,1
kingdom,Royaume,101
Kingdom,undefined,1
kings,rois,106
Kings,undefined,10
KINGS,undefined,1
knave,fripon,174
kneel,s'agenouiller,62
Kneel,undefined,10
knees,les genoux,51
knife,couteau,55
knight,Chevalier,122
Knight,undefined,14
knock,frappe,64
Knock,undefined,19
Knowing,undefined,15
knowing,connaissance,32
knowledge,connaissance,76
Knowledge,undefined,2
known,connu,185
Known,undefined,3
knows,sait,205
Knows,undefined,8
labour,la main d'oeuvre,92
Labour,undefined,2
LABOUR,undefined,1
ladies,Dames,104
LADIES,undefined,24
Ladies,undefined,17
ladyship,Madame,43
Ladyship,undefined,1
lands,terres,53
Lands,undefined,1
large,grand,69
Large,undefined,3
laugh,rire,110
Laugh,undefined,3
LAUNCE,undefined,75
Launce,undefined,7
lawful,légitime,60
Lawful,undefined,1
learn,apprendre,113
Learn,undefined,7
learned,appris,49
Learned,undefined,1
least,moins,101
leave,laisser,610
Leave,undefined,47
leisure,loisir,63
LEONTES,undefined,139
Leontes,undefined,11
LETTER,undefined,1
letter,lettre,245
Letter,undefined,1
liberty,liberté,71
Liberty,undefined,2
Library,undefined,7
LIBRARY,undefined,222
library,bibliothèque,3
liege,Liege,140
Liege,undefined,1
Lieutenant,undefined,20
lieutenant,lieutenant,32
LIEUTENANT,undefined,26
light,lumière,256
Light,undefined,14
limbs,membres,47
little,peu,476
Little,undefined,7
lives,vies,188
Lives,undefined,17
living,vivant,120
Living,undefined,1
longer,plus long,106
Longer,undefined,6
looks,regards,202
Looks,undefined,12
loose,ample,50
lords,seigneurs,329
LORDS,undefined,81
Lords,undefined,56
lordship,seigneurie,124
LORENZO,undefined,57
Lorenzo,undefined,24
lovely,charmant,53
lovers,les amoureux,55
Lovers,undefined,6
loves,aime,194
Loves,undefined,4
loving,aimant,117
Loving,undefined,1
Lucentio,undefined,41
LUCENTIO,undefined,90
MACHINE,undefined,221
machine,machine,2
madness,la démence,67
Madness,undefined,1
maiden,jeune fille,49
Maiden,undefined,1
maids,servantes,42
Maids,undefined,2
maintain,maintenir,48
Maintain,undefined,5
majesty,majesté,69
Majesty,undefined,201
Makes,undefined,45
makes,fait du,311
Making,undefined,27
making,fabrication,56
malice,malice,70
Malice,undefined,2
manner,manière,81
march,Mars,82
March,undefined,49
MARCH,undefined,2
MARCIUS,undefined,60
Marcius,undefined,83
Marcus,undefined,54
MARCUS,undefined,84
MARGARET,undefined,125
Margaret,undefined,85
MARIA,undefined,106
Maria,undefined,9
MARIANA,undefined,40
Mariana,undefined,8
marriage,mariage,117
Marriage,undefined,2
marry,marier,183
Marry,undefined,183
master,Maître,503
Master,undefined,331
MASTER,undefined,10
match,rencontre,98
Match,undefined,1
matter,matière,354
Matter,undefined,3
meaning,sens,55
Meaning,undefined,5
means,veux dire,261
Means,undefined,3
meant,signifiait,53
measure,mesure,87
Measure,undefined,6
MEASURE,undefined,2
meeting,réunion,50
Meeting,undefined,3
MEMBERSHIP,undefined,221
memory,Mémoire,58
merchant,marchande,31
MERCHANT,undefined,33
Merchant,undefined,3
mercy,pitié,171
Mercy,undefined,11
merit,mérite,51
merry,joyeux,165
MERRY,undefined,1
Merry,undefined,4
messenger,Messager,58
MESSENGER,undefined,223
Messenger,undefined,19
Midnight,undefined,2
midnight,minuit,41
might,pourrait,453
Might,undefined,47
mighty,puissant,107
Mighty,undefined,3
Milan,undefined,40
MILAN,undefined,1
minds,esprits,55
Minds,undefined,1
minister,ministre,38
MIRANDA,undefined,60
Miranda,undefined,5
mirth,gaieté,51
Mirth,undefined,1
mischief,sottises,41
Mischief,undefined,1
misery,misère,37
Misery,undefined,2
mistake,erreur,34
Mistake,undefined,6
mistress,maîtresse,262
Mistress,undefined,146
MISTRESS,undefined,45
modest,modeste,35
Modest,undefined,3
money,argent,179
MONEY,undefined,1
Money,undefined,7
monster,monstre,76
Monster,undefined,7
month,mois,44
morning,Matin,130
Morning,undefined,2
morrow,demain,326
mortal,mortel,96
Mortal,undefined,2
mother,mère,399
Mother,undefined,35
MOTHER,undefined,3
motion,mouvement,80
Motion,undefined,1
mouth,bouche,145
MOWBRAY,undefined,38
Mowbray,undefined,28
Murder,undefined,19
murder,meurtre,57
murther,aller plus loin,45
Murther,undefined,14
Music,undefined,40
music,la musique,162
MUSIC,undefined,1
myself,moi même,512
Myself,undefined,55
naked,nu,50
Naked,undefined,2
names,des noms,49
native,originaire de,43
Natural,undefined,1
natural,Naturel,57
Nature,undefined,53
nature,la nature,332
needs,Besoins,142
Needs,undefined,5
neighbour,voisine,51
Neighbour,undefined,4
NEIGHBOUR,undefined,3
NEITHER,undefined,1
Neither,undefined,30
neither,ni,155
never,jamais,907
Never,undefined,113
niece,nièce,61
Niece,undefined,3
night,nuit,808
Night,undefined,6
NIGHT,undefined,2
noble,noble,588
Noble,undefined,28
noise,bruit,107
Noise,undefined,3
nothing,rien,541
Nothing,undefined,94
NOTHING,undefined,1
nought,néant,54
Nought,undefined,4
NUMBER,undefined,1
number,nombre,54
nurse,infirmière,73
NURSE,undefined,16
Nurse,undefined,120
oaths,serments,68
Oaths,undefined,1
obedience,obéissance,48
Obedience,undefined,4
OBERON,undefined,37
Oberon,undefined,8
object,objet,39
occasion,occasion,73
Occasion,undefined,1
offence,infraction,94
Offence,undefined,2
offend,offenser,57
Offend,undefined,3
offer,offre,104
Offer,undefined,4
office,Bureau,127
Office,undefined,1
often,souvent,121
Often,undefined,3
OLIVER,undefined,49
Oliver,undefined,8
opinion,opinion,81
Opinion,undefined,3
order,ordre,90
Order,undefined,3
ORDER,undefined,1
ORLANDO,undefined,138
Orlando,undefined,26
other,autre,687
OTHER,undefined,2
Other,undefined,23
OTHERS,undefined,233
others,autres,182
Others,undefined,5
ourselves,nous-mêmes,108
Ourselves,undefined,7
outward,vers l'extérieur,50
Oxford,undefined,26
OXFORD,undefined,30
Padua,undefined,41
pains,des douleurs,91
painted,peint,52
Painted,undefined,1
painter,peintre,10
PAINTER,undefined,35
palace,palais,151
Palace,undefined,9
Pandarus,undefined,17
PANDARUS,undefined,171
paper,papier,106
pardon,pardon,243
Pardon,undefined,67
Paris,undefined,98
PARIS,undefined,40
PAROLLES,undefined,163
Parolles,undefined,12
parted,séparé,44
Parted,undefined,3
PARTICULAR,undefined,1
particular,particulier,54
Particular,undefined,1
partly,partiellement,33
Partly,undefined,2
parts,les pièces,107
Parts,undefined,4
party,fête,51
passage,passage,35
passion,la passion,106
Passion,undefined,2
patience,la patience,160
Patience,undefined,25
PATIENCE,undefined,5
patient,patient,88
Patient,undefined,2
PAULINA,undefined,69
Paulina,undefined,17
peace,paix,396
Peace,undefined,143
Pedro,undefined,155
people,gens,213
People,undefined,5
PEOPLE,undefined,2
perceive,apercevoir,91
Perceive,undefined,1
Percy,undefined,64
PERCY,undefined,23
perfect,parfait,55
perhaps,peut-être,32
Perhaps,undefined,13
peril,péril,43
PERMISSION,undefined,221
permission,autorisation,4
person,la personne,150
Person,undefined,2
PERSONAL,undefined,221
personal,personnel,13
PHEBE,undefined,29
Phebe,undefined,18
Philip,undefined,19
PHILIP,undefined,52
picture,image,43
piece,pièce,89
Piece,undefined,1
pistol,pistolet,4
PISTOL,undefined,143
Pistol,undefined,40
place,endroit,450
Place,undefined,7
plague,peste,88
Plague,undefined,6
Plain,undefined,4
plain,plaine,117
plead,plaider,41
Plead,undefined,7
Please,undefined,62
please,S'il vous plaît,334
pleasure,plaisir,179
Pleasure,undefined,1
pluck,cueillir,116
Pluck,undefined,23
Poins,undefined,70
POINS,undefined,33
point,point,145
Point,undefined,2
poison,poison,89
Poison,undefined,6
policy,politique,45
Polixenes,undefined,16
POLIXENES,undefined,68
Pompey,undefined,92
POMPEY,undefined,119
porter,porter,106
Porter,undefined,4
PORTER,undefined,24
possible,possible,57
Possible,undefined,1
POSTHUMUS,undefined,97
Posthumus,undefined,32
pound,livre,54
power,Puissance,302
Power,undefined,4
POWER,undefined,1
practice,entraine toi,41
praise,louange,177
Praise,undefined,5
prayers,prières,85
precious,précieux,76
Precious,undefined,2
prepare,préparer,48
Prepare,undefined,17
presence,présence,103
Presence,undefined,3
present,présent,239
Present,undefined,7
pretty,jolie,109
Pretty,undefined,8
pride,fierté,106
Pride,undefined,5
priest,prêtre,61
Priest,undefined,5
PRIEST,undefined,6
prince,prince,119
Prince,undefined,475
PRINCE,undefined,178
Prison,undefined,3
prison,prison,89
private,privé,66
prize,prix,47
proceed,procéder,47
Proceed,undefined,25
proclaim,proclamer,50
Proclaim,undefined,11
profit,profit,38
Profit,undefined,1
PROHIBITED,undefined,221
Project,undefined,17
PROJECT,undefined,222
project,projet,12
prologue,prologue,19
Prologue,undefined,5
PROLOGUE,undefined,16
promise,promettre,105
Promise,undefined,3
proof,preuve,80
Proof,undefined,2
proper,correct,62
Proper,undefined,3
Protector,undefined,53
PROTECTOR,undefined,1
protector,protecteur,2
protest,manifestation,52
Protest,undefined,1
proud,fier,194
Proud,undefined,19
prove,prouver,233
Prove,undefined,19
PROVIDED,undefined,222
provided,à condition de,27
Provided,undefined,4
Public,undefined,1
PUBLIC,undefined,1
public,Publique,55
PURPOSE,undefined,1
purpose,objectif,203
Purpose,undefined,4
purse,bourse,87
Purse,undefined,1
quality,qualité,55
quarrel,querelle,95
Quarrel,undefined,3
queen,reine,189
Queen,undefined,376
QUEEN,undefined,414
question,question,148
Question,undefined,8
quick,rapide,101
Quick,undefined,10
quiet,silencieux,73
Quiet,undefined,4
quite,assez,72
Quite,undefined,14
quoth,quoth,62
Quoth,undefined,4
raise,élever,43
Raise,undefined,4
ransom,une rançon,59
rascal,coquin,60
Rascal,undefined,1
rather,plutôt,290
Rather,undefined,32
READABLE,undefined,221
Readable,undefined,1
readable,lisible,2
ready,prêt,125
Ready,undefined,18
realm,domaine,53
reason,raison,279
Reason,undefined,9
receive,recevoir,81
Receive,undefined,17
Regard,undefined,2
regard,qui concerne,41
reign,règne,46
Reign,undefined,2
REIGNIER,undefined,35
Reignier,undefined,14
remain,rester,59
Remain,undefined,7
remedy,remède,59
remember,rappelles toi,152
Remember,undefined,39
render,rendre,44
Render,undefined,2
repair,réparation,38
Repair,undefined,8
repent,se repentir,52
Repent,undefined,7
report,rapport,142
Report,undefined,6
reputation,réputation,45
Reputation,undefined,2
request,demande,67
respect,le respect,100
Respect,undefined,1
return,revenir,224
Return,undefined,23
Revenge,undefined,25
revenge,vengeance,130
reverence,révérence,44
revolt,révolte,41
Revolt,undefined,1
right,droite,325
Right,undefined,27
rivers,rivières,11
RIVERS,undefined,32
Rivers,undefined,15
rogue,coquin,79
Rogue,undefined,2
rotten,pourri,36
Rotten,undefined,2
Rough,undefined,6
rough,rugueux,66
round,rond,72
Round,undefined,3
royal,Royal,205
Royal,undefined,8
sacred,sacré,46
Sacred,undefined,1
safety,sécurité,74
saint,Saint,25
Saint,undefined,101
SAINT,undefined,3
SALERIO,undefined,43
Salerio,undefined,5
satisfied,satisfait,48
saying,en disant,50
Saying,undefined,6
scarce,rare,67
Scarce,undefined,6
SCENE,undefined,655
scene,scène,34
Scene,undefined,110
scorn,mépris,104
Scorn,undefined,4
search,chercher,43
Search,undefined,7
season,saison,45
Season,undefined,2
second,seconde,100
SECOND,undefined,465
Second,undefined,7
secret,secret,65
seeing,voyant,42
Seeing,undefined,11
Senate,undefined,42
SENATOR,undefined,86
senator,sénateur,4
Senator,undefined,1
sense,sens,124
Sense,undefined,1
sentence,phrase,39
servant,serviteur,148
Servant,undefined,24
SERVANT,undefined,257
serve,servir,184
Serve,undefined,3
SERVICE,undefined,221
service,un service,221
Service,undefined,2
seven,Sept,64
Seven,undefined,8
several,nombreuses,79
shadow,ombre,71
SHADOW,undefined,4
Shadow,undefined,6
shake,secouer,91
Shake,undefined,11
shall,doit,3128
Shall,undefined,472
shame,la honte,294
Shame,undefined,13
shape,forme,87
sharp,tranchant,67
Sharp,undefined,4
shepherd,berger,68
Shepherd,undefined,1
SHEPHERD,undefined,57
shine,éclat,43
Shine,undefined,2
shore,rive,49
Shore,undefined,8
short,court,103
Short,undefined,3
shortly,prochainement,44
Shortly,undefined,2
should,devrait,1428
Should,undefined,152
shows,montre,95
Shows,undefined,8
sickness,maladie,53
Sickness,undefined,1
sight,vue,200
Sight,undefined,1
silence,silence,62
SILENCE,undefined,26
Silence,undefined,24
silver,argent,65
Silver,undefined,4
simple,Facile,72
SIMPLE,undefined,39
Simple,undefined,6
Since,undefined,163
since,depuis,286
single,Célibataire,58
Single,undefined,1
sirrah,sirrah,77
Sirrah,undefined,71
sister,sœur,194
Sister,undefined,10
skill,compétence,51
Skill,undefined,1
slain,tué,125
Slain,undefined,2
slander,calomnie,50
Slander,undefined,3
slave,esclave,128
Slave,undefined,4
sleep,sommeil,242
Sleep,undefined,22
slender,mince,10
SLENDER,undefined,70
Slender,undefined,31
SMALL,undefined,2
Small,undefined,14
small,petit,85
smell,odeur,50
Smell,undefined,1
Smile,undefined,8
smile,sourire,69
soldier,soldat,149
SOLDIER,undefined,119
Soldier,undefined,4
solemn,solennel,38
Solemn,undefined,3
SOMERSET,undefined,79
Somerset,undefined,68
something,quelque chose,152
Something,undefined,31
Sometime,undefined,18
sometime,parfois,59
sooner,plus tôt,60
Sooner,undefined,2
SOOTHSAYER,undefined,34
soothsayer,devin,3
Soothsayer,undefined,6
sorrow,chagrin,185
Sorrow,undefined,8
sorry,Pardon,88
Sorry,undefined,4
sought,recherché,35
Sought,undefined,2
souls,âmes,110
Souls,undefined,4
sound,du son,172
Sound,undefined,46
sovereign,souverain,150
Sovereign,undefined,4
spare,de rechange,48
Spare,undefined,13
speak,parler,1005
Speak,undefined,200
SPEAK,undefined,1
speaks,parle,125
Speaks,undefined,3
special,spécial,38
speech,discours,128
speed,la vitesse,112
Speed,undefined,3
SPEED,undefined,125
spend,dépenser,67
Spend,undefined,1
spirit,esprit,254
SPIRIT,undefined,9
Spirit,undefined,2
spite,dépit,59
spoke,parlait,137
Spoke,undefined,11
sport,sport,119
Sport,undefined,4
spring,printemps,57
Spring,undefined,4
SPRING,undefined,1
staff,Personnel,41
stain,tache,62
Stain,undefined,5
stand,supporter,466
Stand,undefined,120
stars,étoiles,68
Stars,undefined,3
state,Etat,305
State,undefined,5
steal,voler,78
Steal,undefined,6
steel,acier,69
Steel,undefined,1
STEWARD,undefined,10
steward,intendant,22
Steward,undefined,15
still,encore,499
Still,undefined,65
stomach,estomac,43
Stomach,undefined,1
stone,calcul,65
Stone,undefined,2
stood,se tenait,82
Stood,undefined,11
store,boutique,40
storm,orage,52
Storm,undefined,7
story,récit,67
straight,tout droit,145
Straight,undefined,8
strange,étrange,241
Strange,undefined,11
street,rue,79
Street,undefined,4
strength,force,120
Strength,undefined,4
strike,la grève,116
Strike,undefined,38
stroke,accident vasculaire cérébral,40
strong,fort,190
Strong,undefined,6
struck,frappé,73
Struck,undefined,3
study,étude,60
Study,undefined,5
stuff,des trucs,63
Stuff,undefined,1
subject,matière,104
Subject,undefined,1
substance,substance,41
success,Succès,44
Success,undefined,4
sudden,soudain,78
Sudden,undefined,1
suddenly,tout à coup,48
Suddenly,undefined,2
suffer,souffrir,102
Suffer,undefined,5
Suffolk,undefined,83
SUFFOLK,undefined,176
summer,été,89
supper,souper,61
Supper,undefined,1
surely,sûrement,35
Surely,undefined,5
SURREY,undefined,37
Surrey,undefined,13
suspect,suspect,35
Suspect,undefined,3
swear,jurer,241
Swear,undefined,24
sweat,transpiration,37
Sweat,undefined,2
sweet,sucré,664
Sweet,undefined,143
swift,rapide,67
Swift,undefined,3
sword,épée,351
Sword,undefined,4
swore,juré,50
Swore,undefined,1
sworn,juré,132
Sworn,undefined,1
Syracuse,undefined,9
SYRACUSE,undefined,229
table,table,60
tailor,tailleur,35
Tailor,undefined,2
TAILOR,undefined,14
taken,pris,90
Taken,undefined,4
Talbot,undefined,91
TALBOT,undefined,81
tarry,goudronneux,35
Tarry,undefined,10
taste,goût,75
Taste,undefined,5
taught,enseigné,48
Taught,undefined,2
teach,enseigner,91
Teach,undefined,13
tears,larmes,274
Tears,undefined,10
tedious,fastidieux,44
Tedious,undefined,1
teeth,les dents,55
Teeth,undefined,1
tells,raconte,40
Tells,undefined,2
tempest,tempête,42
TEMPEST,undefined,2
tender,soumissionner,147
Tender,undefined,2
terms,termes,74
Terms,undefined,1
thank,remercier,280
Thank,undefined,14
their,leur,1935
Their,undefined,142
themselves,se,158
Themselves,undefined,1
there,Là,1501
There,undefined,709
therefore,par conséquent,363
Therefore,undefined,264
therein,la bride,47
Therein,undefined,9
These,undefined,224
these,celles-ci,1101
thief,voleur,68
thing,chose,358
Thing,undefined,1
think,pense,986
Think,undefined,88
third,troisième,73
THIRD,undefined,159
Third,undefined,12
Thomas,undefined,54
THOMAS,undefined,21
those,ceux,467
Those,undefined,80
though,bien que,400
Though,undefined,234
thought,pensée,373
Thought,undefined,4
thrive,prospérer,56
throat,gorge,51
throne,trône,67
through,par,227
Through,undefined,36
throw,jeter,90
Throw,undefined,16
thrust,poussée,47
Thrust,undefined,7
thunder,tonnerre,56
Thunder,undefined,15
times,fois,208
title,Titre,91
together,ensemble,241
Together,undefined,16
tongue,langue,411
Tongue,undefined,9
tonight,ce soir,47
Tonight,undefined,2
touch,toucher,156
Touch,undefined,8
toward,vers,94
Toward,undefined,9
tower,la tour,11
Tower,undefined,68
TOWER,undefined,2
train,train,127
Train,undefined,4
TRAIN,undefined,2
traitor,traitre,131
Traitor,undefined,3
tread,bande de roulement,41
Tread,undefined,2
treason,trahison,84
Treason,undefined,8
treasure,Trésor,53
trial,procès,60
Tribunes,undefined,23
tribunes,tribunes,27
TRIBUNES,undefined,17
trick,tour,53
triumph,triomphe,47
Triumph,undefined,1
trouble,difficulté,72
Trouble,undefined,5
truly,vraiment,124
Truly,undefined,48
trumpet,trompette,79
Trumpet,undefined,11
trust,confiance,156
Trust,undefined,20
truth,vérité,334
Truth,undefined,4
turns,se tourne,47
Turns,undefined,8
twice,deux fois,62
Twice,undefined,10
tyrant,tyran,58
Tyrant,undefined,2
Ulysses,undefined,20
ULYSSES,undefined,94
uncle,oncle,191
Uncle,undefined,20
UNDER,undefined,2
under,sous,208
Under,undefined,88
understand,comprendre,97
Understand,undefined,1
undertake,entreprendre,45
undone,défait,52
Undone,undefined,3
unhappy,malheureux,34
Unhappy,undefined,4
UNHAPPY,undefined,1
unknown,inconnue,41
Unknown,undefined,3
unless,sauf si,64
Unless,undefined,89
Until,undefined,35
until,jusqu'à,41
unworthy,indigne,31
Unworthy,undefined,5
utter,prononcer,41
Utter,undefined,2
Valentine,undefined,66
VALENTINE,undefined,167
valiant,vaillant,149
Valiant,undefined,7
valour,valeur,99
Valour,undefined,2
vantage,avantage,40
vengeance,vengeance,203
Vengeance,undefined,4
Venice,undefined,64
VENICE,undefined,22
VERSION,undefined,221
version,version,1
victory,la victoire,46
Victory,undefined,1
villain,scélérat,229
Villain,undefined,24
Viola,undefined,5
VIOLA,undefined,137
violent,violent,41
virtue,vertu,179
Virtue,undefined,16
visit,visite,50
Visit,undefined,5
voice,voix,157
Voice,undefined,1
walls,des murs,84
Walls,undefined,1
warlike,guerrier,57
Warlike,undefined,1
warrant,mandat,175
Warrant,undefined,1
waste,déchets,43
Waste,undefined,1
watch,regarder,135
WATCH,undefined,31
Watch,undefined,41
water,eau,148
Water,undefined,1
wealth,richesse,72
weapons,armes,40
Weapons,undefined,2
weary,se lasser,73
Weary,undefined,5
weeds,mauvaises herbes,42
Weeds,undefined,2
weeping,larmes,56
Weeping,undefined,4
weight,poids,44
Welcome,undefined,93
welcome,Bienvenue,273
wench,jeune fille,62
whence,d'où,58
Whence,undefined,17
where,où,684
Where,undefined,663
wherein,où,66
Wherein,undefined,66
whether,qu'il s'agisse,56
Whether,undefined,41
which,lequel,1418
Which,undefined,904
while,tandis que,177
While,undefined,70
whither,où,38
Whither,undefined,50
whole,entier,120
Whole,undefined,1
whore,putain,46
Whore,undefined,2
Whose,undefined,235
whose,dont,383
widow,veuve,70
WIDOW,undefined,44
Widow,undefined,9
willing,prêt,36
Willing,undefined,4
window,la fenêtre,48
Window,undefined,2
wings,ailes,54
Wings,undefined,1
winter,hiver,67
Winter,undefined,4
WINTER,undefined,2
wisdom,sagesse,92
Wisdom,undefined,5
witch,sorcière,43
WITCH,undefined,50
Witch,undefined,1
withal,avec,136
Withal,undefined,6
within,dans,340
Within,undefined,154
Without,undefined,81
without,sans pour autant,287
witness,témoin,108
Witness,undefined,20
wives,épouses,58
WIVES,undefined,1
Wives,undefined,3
WOLSEY,undefined,93
Wolsey,undefined,8
woman,femme,416
Woman,undefined,3
wonder,merveille,116
Wonder,undefined,5
WORKS,undefined,221
Works,undefined,5
works,travaux,23
World,undefined,6
WORLD,undefined,221
world,monde,678
worse,pire,151
Worse,undefined,10
worship,culte,104
worth,vaut,201
Worth,undefined,4
would,aurait,2027
Would,undefined,274
wound,blessure,70
Wound,undefined,3
wounded,blessés,38
Wounded,undefined,2
wrath,colère,55
Wrath,undefined,2
wretch,misérable,59
WRITE,undefined,1
write,écrire,105
Write,undefined,19
written,écrit,34
Written,undefined,1
wrong,faux,272
Wrong,undefined,4
wrought,forgé,42
Wrought,undefined,1
yield,rendement,128
Yield,undefined,15
yonder,là-bas,59
Yonder,undefined,15
young,Jeune,406
Young,undefined,36
YOUNG,undefined,25
yours,le tiens,248
Yours,undefined,8
yourself,toi même,268
Yourself,undefined,12
youth,jeunesse,275
Youth,undefined,8
